nombre,fichero
African Blue Tit,XC367033
African Blue Tit,XC448308
African Blue Tit,XC366500
African Blue Tit,XC367034
African Blue Tit,XC460005
African Blue Tit,XC367032
African Blue Tit,XC134415
African Blue Tit,XC270069
African Blue Tit,XC527632
African Blue Tit,XC290298
African Reed Warbler,XC263299
African Reed Warbler,XC385381
African Reed Warbler,XC291435
African Reed Warbler,XC141522
African Reed Warbler,XC431998
African Reed Warbler,XC470419
African Reed Warbler,XC134484
Alpine Accentor,XC520136
Alpine Chough,XC512156
Alpine Chough,XC326948
Alpine Chough,XC512157
Alpine Chough,XC512155
Alpine Chough,XC328057
Alpine Swift,XC513858
Alpine Swift,XC337358
Alpine Swift,XC513856
Alpine Swift,XC336802
Alpine Swift,XC330436
Alpine Swift,XC363338
Alpine Swift,XC330696
Alpine Swift,XC283739
Alpine Swift,XC330602
Alpine Swift,XC140657
Atlantic Canary,XC122552
Atlantic Canary,XC122551
Atlantic Canary,XC460380
Atlantic Canary,XC354849
Atlantic Canary,XC398574
Atlantic Canary,XC459913
Atlantic Canary,XC347440
Audouin's Gull,XC358490
Audouin's Gull,XC358492
Audouin's Gull,XC358491
Baillon's Crake,XC553957
Balearic Warbler,XC358386
Balearic Warbler,XC411065
Balearic Warbler,XC358295
Balearic Warbler,XC411063
Balearic Warbler,XC449104
Balearic Warbler,XC410969
Balearic Warbler,XC513939
Balearic Warbler,XC411039
Balearic Warbler,XC449105
Balearic Warbler,XC365827
Band-rumped Storm Petrel,XC441955
Barbary Partridge,XC134392
Barn Swallow,XC362311
Barn Swallow,XC543509
Barn Swallow,XC361741
Barn Swallow,XC361812
Barn Swallow,XC361807
Barn Swallow,XC435493
Barn Swallow,XC495982
Barn Swallow,XC197400
Barn Swallow,XC333650
Barn Swallow,XC433813
Bar-tailed Godwit,XC414688
Bearded Reedling,XC496367
Bearded Reedling,XC406577
Bearded Reedling,XC128134
Bearded Reedling,XC332658
Berthelot's Pipit,XC134397
Berthelot's Pipit,XC304973
Berthelot's Pipit,XC511263
Berthelot's Pipit,XC134391
Berthelot's Pipit,XC511264
Black Kite,XC430830
Black Kite,XC497475
Black Kite,XC431988
Black Kite,XC497474
Black Kite,XC381736
Black Kite,XC467754
Black Redstart,XC469712
Black Redstart,XC148952
Black Redstart,XC246187
Black Redstart,XC246186
Black Redstart,XC561121
Black Redstart,XC367673
Black Redstart,XC364612
Black Redstart,XC148948
Black Redstart,XC148950
Black Redstart,XC561119
Black Swan,XC417673
Black Wheatear,XC216241
Black Wheatear,XC416520
Black Wheatear,XC342431
Black Wheatear,XC416518
Black Wheatear,XC417718
Black Wheatear,XC216240
Black Wheatear,XC342432
Black Wheatear,XC216243
Black Wheatear,XC558984
Black Wheatear,XC417469
Black Woodpecker,XC553023
Black-bellied Sandgrouse,XC463592
Black-bellied Sandgrouse,XC141176
Black-bellied Sandgrouse,XC153268
Black-crowned Night Heron,XC547031
Black-crowned Night Heron,XC449101
Black-crowned Night Heron,XC431999
Black-crowned Night Heron,XC431129
Black-crowned Night Heron,XC547032
Black-crowned Night Heron,XC304259
Black-crowned Night Heron,XC430823
Black-crowned Night Heron,XC430825
Black-crowned Night Heron,XC430821
Black-crowned Night Heron,XC539449
Black-eared Wheatear,XC176144
Black-eared Wheatear,XC367686
Black-eared Wheatear,XC416420
Black-eared Wheatear,XC176143
Black-eared Wheatear,XC206244
Black-eared Wheatear,XC554762
Black-eared Wheatear,XC387240
Black-eared Wheatear,XC423877
Black-eared Wheatear,XC387241
Black-eared Wheatear,XC554761
Black-headed Gull,XC445943
Black-headed Gull,XC263346
Black-headed Gull,XC468891
Black-headed Gull,XC522060
Black-headed Gull,XC236544
Black-headed Gull,XC518424
Black-headed Weaver,XC337682
Black-headed Weaver,XC337684
Black-headed Weaver,XC337685
Black-headed Weaver,XC337686
Black-winged Kite,XC433770
Black-winged Kite,XC433771
Black-winged Kite,XC361604
Black-winged Kite,XC433769
Black-winged Kite,XC352496
Black-winged Kite,XC353816
Black-winged Kite,XC361618
Black-winged Kite,XC352511
Black-winged Kite,XC433766
Black-winged Kite,XC433765
Black-winged Stilt,XC338796
Black-winged Stilt,XC338800
Black-winged Stilt,XC338798
Black-winged Stilt,XC338803
Black-winged Stilt,XC338795
Black-winged Stilt,XC431789
Black-winged Stilt,XC338801
Black-winged Stilt,XC338279
Black-winged Stilt,XC440159
Black-winged Stilt,XC338282
Blue Rock Thrush,XC377500
Blue Rock Thrush,XC377502
Blue Rock Thrush,XC417711
Blue Rock Thrush,XC535378
Blue Rock Thrush,XC417709
Blue Rock Thrush,XC417708
Blue Rock Thrush,XC417710
Blue Rock Thrush,XC553937
Blue Rock Thrush,XC535377
Blue Rock Thrush,XC542069
Bluethroat,XC518438
Bluethroat,XC518434
Bluethroat,XC518436
Bolle's Pigeon,XC270048
Bonelli's Eagle,XC395837
Bonelli's Eagle,XC540072
Bonelli's Eagle,XC540071
Booted Eagle,XC414690
Booted Eagle,XC430828
Booted Eagle,XC496383
Boreal Owl,XC362008
Brambling,XC521614
Brambling,XC521802
Bulwer's Petrel,XC441957
Calandra Lark,XC418868
Calandra Lark,XC469711
Calandra Lark,XC237727
Calandra Lark,XC459068
Calandra Lark,XC418871
Calandra Lark,XC357414
Calandra Lark,XC417130
Calandra Lark,XC168576
Calandra Lark,XC173864
Calandra Lark,XC357375
Canary Islands Chiffchaff,XC366489
Canary Islands Chiffchaff,XC122540
Canary Islands Chiffchaff,XC349326
Canary Islands Chiffchaff,XC122535
Canary Islands Chiffchaff,XC270066
Canary Islands Chiffchaff,XC122550
Canary Islands Chiffchaff,XC215111
Canary Islands Chiffchaff,XC215106
Canary Islands Chiffchaff,XC290215
Canary Islands Chiffchaff,XC505361
Canary Islands Stonechat,XC346441
Canary Islands Stonechat,XC346446
Carrion Crow,XC453583
Carrion Crow,XC468516
Carrion Crow,XC531193
Carrion Crow,XC522850
Carrion Crow,XC522853
Carrion Crow,XC411833
Carrion Crow,XC561130
Carrion Crow,XC522851
Carrion Crow,XC380684
Carrion Crow,XC522852
Cetti's Warbler,XC365523
Cetti's Warbler,XC390978
Cetti's Warbler,XC135819
Cetti's Warbler,XC140664
Cetti's Warbler,XC310720
Cetti's Warbler,XC440004
Cetti's Warbler,XC411029
Cetti's Warbler,XC148440
Cetti's Warbler,XC435481
Cetti's Warbler,XC287725
Cirl Bunting,XC446481
Cirl Bunting,XC481011
Cirl Bunting,XC202518
Cirl Bunting,XC363221
Cirl Bunting,XC389576
Cirl Bunting,XC385614
Cirl Bunting,XC461761
Cirl Bunting,XC168301
Cirl Bunting,XC409114
Cirl Bunting,XC246592
Citril Finch,XC246416
Coal Tit,XC350120
Coal Tit,XC556953
Coal Tit,XC410059
Coal Tit,XC512145
Coal Tit,XC465904
Coal Tit,XC476714
Coal Tit,XC173843
Coal Tit,XC508056
Coal Tit,XC237097
Coal Tit,XC306725
Collared Pratincole,XC467775
Common Blackbird,XC312320
Common Blackbird,XC367548
Common Blackbird,XC374825
Common Blackbird,XC256708
Common Blackbird,XC553963
Common Blackbird,XC553945
Common Blackbird,XC134409
Common Blackbird,XC555690
Common Blackbird,XC517833
Common Blackbird,XC169786
Common Bulbul,XC521458
Common Chaffinch,XC487348
Common Chaffinch,XC466363
Common Chaffinch,XC554466
Common Chaffinch,XC373308
Common Chaffinch,XC366485
Common Chaffinch,XC244224
Common Chaffinch,XC278433
Common Chaffinch,XC424271
Common Chaffinch,XC134410
Common Chaffinch,XC134413
Common Chiffchaff,XC312318
Common Chiffchaff,XC244218
Common Chiffchaff,XC340650
Common Chiffchaff,XC340129
Common Chiffchaff,XC462403
Common Chiffchaff,XC464005
Common Chiffchaff,XC344987
Common Chiffchaff,XC462752
Common Chiffchaff,XC487405
Common Chiffchaff,XC393069
Common Crane,XC524290
Common Cuckoo,XC148459
Common Cuckoo,XC411866
Common Cuckoo,XC508071
Common Cuckoo,XC412444
Common Cuckoo,XC412470
Common Cuckoo,XC412445
Common Cuckoo,XC181667
Common Cuckoo,XC307855
Common Cuckoo,XC307854
Common Cuckoo,XC414701
Common Firecrest,XC300964
Common Firecrest,XC364045
Common Firecrest,XC403839
Common Firecrest,XC300962
Common Firecrest,XC198630
Common Firecrest,XC207033
Common Firecrest,XC207032
Common Firecrest,XC306720
Common Firecrest,XC432208
Common Firecrest,XC192079
Common Greenshank,XC519909
Common Greenshank,XC496363
Common Greenshank,XC519912
Common Greenshank,XC347221
Common Greenshank,XC454594
Common Greenshank,XC455627
Common Greenshank,XC460896
Common House Martin,XC377489
Common House Martin,XC148465
Common House Martin,XC337363
Common House Martin,XC337360
Common House Martin,XC556948
Common House Martin,XC377660
Common House Martin,XC423889
Common House Martin,XC423888
Common House Martin,XC330645
Common House Martin,XC337361
Common Kestrel,XC318432
Common Kestrel,XC318431
Common Kestrel,XC318430
Common Kestrel,XC388806
Common Kestrel,XC463430
Common Kestrel,XC445373
Common Kestrel,XC510813
Common Kingfisher,XC495975
Common Linnet,XC176108
Common Linnet,XC326642
Common Linnet,XC139168
Common Linnet,XC558985
Common Linnet,XC358327
Common Linnet,XC511533
Common Linnet,XC310382
Common Linnet,XC423851
Common Linnet,XC423852
Common Linnet,XC423853
Common Moorhen,XC135571
Common Moorhen,XC303948
Common Moorhen,XC435793
Common Moorhen,XC440482
Common Moorhen,XC303949
Common Moorhen,XC540932
Common Moorhen,XC412257
Common Moorhen,XC299325
Common Moorhen,XC497473
Common Moorhen,XC303339
Common Nightingale,XC334169
Common Nightingale,XC367925
Common Nightingale,XC177506
Common Nightingale,XC423680
Common Nightingale,XC468557
Common Nightingale,XC148855
Common Nightingale,XC560976
Common Nightingale,XC495863
Common Nightingale,XC173837
Common Nightingale,XC313236
Common Quail,XC341149
Common Quail,XC417471
Common Quail,XC414714
Common Quail,XC470443
Common Redshank,XC461784
Common Redshank,XC408843
Common Redshank,XC370228
Common Redshank,XC338764
Common Redstart,XC377831
Common Redstart,XC197399
Common Redstart,XC277320
Common Reed Bunting,XC517837
Common Reed Bunting,XC128158
Common Sandpiper,XC517427
Common Sandpiper,XC518442
Common Shelduck,XC442410
Common Snipe,XC442024
Common Snipe,XC444046
Common Snipe,XC461632
Common Snipe,XC518529
Common Starling,XC208991
Common Starling,XC512130
Common Swift,XC370119
Common Swift,XC313232
Common Swift,XC466677
Common Swift,XC374968
Common Swift,XC247499
Common Swift,XC377671
Common Swift,XC466668
Common Swift,XC466669
Common Swift,XC466673
Common Swift,XC546693
Common Tern,XC338258
Common Tern,XC333792
Common Tern,XC333797
Common Waxbill,XC414648
Common Waxbill,XC372997
Common Waxbill,XC395256
Common Whitethroat,XC134536
Common Whitethroat,XC379608
Common Whitethroat,XC379613
Common Whitethroat,XC134537
Common Whitethroat,XC379609
Common Wood Pigeon,XC554653
Common Wood Pigeon,XC556949
Common Wood Pigeon,XC367689
Common Wood Pigeon,XC359142
Common Wood Pigeon,XC256724
Common Wood Pigeon,XC538770
Common Wood Pigeon,XC308195
Common Wood Pigeon,XC308199
Common Wood Pigeon,XC381956
Common Wood Pigeon,XC308197
Corn Bunting,XC209539
Corn Bunting,XC470177
Corn Bunting,XC529781
Corn Bunting,XC556048
Corn Bunting,XC365517
Corn Bunting,XC417473
Corn Bunting,XC148498
Corn Bunting,XC471574
Corn Bunting,XC514083
Corn Bunting,XC365519
Cory's Shearwater,XC462006
Cory's Shearwater,XC462011
Cory's Shearwater,XC462115
Crested Lark,XC141420
Crested Lark,XC128160
Crested Lark,XC560978
Crested Lark,XC380233
Crested Lark,XC554660
Crested Lark,XC538429
Crested Lark,XC135582
Crested Lark,XC554662
Crested Lark,XC341214
Crested Lark,XC338450
Dartford Warbler,XC481016
Dartford Warbler,XC181928
Dartford Warbler,XC363333
Dartford Warbler,XC253046
Dartford Warbler,XC514077
Dartford Warbler,XC417470
Dartford Warbler,XC514076
Dartford Warbler,XC128873
Dartford Warbler,XC128875
Dartford Warbler,XC374982
Dunlin,XC518444
Dunlin,XC414673
Dunnock,XC446347
Dunnock,XC471699
Dunnock,XC446349
Dunnock,XC507857
Dunnock,XC517824
Dupont's Lark,XC536806
Dupont's Lark,XC173869
Dupont's Lark,XC173867
Dupont's Lark,XC387234
Dupont's Lark,XC536784
Dupont's Lark,XC235395
Dupont's Lark,XC536788
Dupont's Lark,XC140667
Dupont's Lark,XC140665
Dupont's Lark,XC379597
Egyptian Goose,XC128857
Eurasian Bittern,XC431136
Eurasian Blackcap,XC457280
Eurasian Blackcap,XC251959
Eurasian Blackcap,XC457281
Eurasian Blackcap,XC376345
Eurasian Blackcap,XC373306
Eurasian Blackcap,XC457279
Eurasian Blackcap,XC457283
Eurasian Blackcap,XC457282
Eurasian Blackcap,XC423679
Eurasian Blackcap,XC425726
Eurasian Blue Tit,XC560993
Eurasian Blue Tit,XC561625
Eurasian Blue Tit,XC365159
Eurasian Blue Tit,XC434686
Eurasian Blue Tit,XC560670
Eurasian Blue Tit,XC560665
Eurasian Blue Tit,XC521615
Eurasian Blue Tit,XC148427
Eurasian Blue Tit,XC560983
Eurasian Blue Tit,XC216164
Eurasian Bullfinch,XC168348
Eurasian Bullfinch,XC482547
Eurasian Collared Dove,XC148870
Eurasian Collared Dove,XC454592
Eurasian Collared Dove,XC454593
Eurasian Collared Dove,XC518421
Eurasian Collared Dove,XC390247
Eurasian Collared Dove,XC540956
Eurasian Collared Dove,XC148871
Eurasian Coot,XC302632
Eurasian Coot,XC302617
Eurasian Coot,XC302637
Eurasian Coot,XC302638
Eurasian Coot,XC282747
Eurasian Coot,XC376644
Eurasian Coot,XC176127
Eurasian Coot,XC310414
Eurasian Coot,XC386781
Eurasian Coot,XC523375
Eurasian Crag Martin,XC423893
Eurasian Crag Martin,XC423896
Eurasian Crag Martin,XC423892
Eurasian Crag Martin,XC423894
Eurasian Crag Martin,XC423895
Eurasian Crag Martin,XC538906
Eurasian Crag Martin,XC423890
Eurasian Crag Martin,XC423891
Eurasian Eagle-Owl,XC517580
Eurasian Eagle-Owl,XC517584
Eurasian Eagle-Owl,XC517581
Eurasian Eagle-Owl,XC517582
Eurasian Eagle-Owl,XC297798
Eurasian Eagle-Owl,XC519737
Eurasian Eagle-Owl,XC140659
Eurasian Eagle-Owl,XC517579
Eurasian Eagle-Owl,XC299820
Eurasian Eagle-Owl,XC559603
Eurasian Golden Oriole,XC367926
Eurasian Golden Oriole,XC554475
Eurasian Golden Oriole,XC474937
Eurasian Golden Oriole,XC554672
Eurasian Golden Oriole,XC554456
Eurasian Golden Oriole,XC522080
Eurasian Golden Oriole,XC473931
Eurasian Golden Oriole,XC371953
Eurasian Golden Oriole,XC554643
Eurasian Golden Oriole,XC240127
Eurasian Hoopoe,XC372375
Eurasian Hoopoe,XC560986
Eurasian Hoopoe,XC372372
Eurasian Hoopoe,XC381947
Eurasian Hoopoe,XC410992
Eurasian Hoopoe,XC372373
Eurasian Hoopoe,XC462754
Eurasian Hoopoe,XC135728
Eurasian Hoopoe,XC135555
Eurasian Hoopoe,XC560960
Eurasian Jay,XC291425
Eurasian Jay,XC372932
Eurasian Jay,XC412473
Eurasian Jay,XC412474
Eurasian Jay,XC495984
Eurasian Jay,XC409113
Eurasian Jay,XC328494
Eurasian Jay,XC372930
Eurasian Jay,XC411867
Eurasian Jay,XC308139
Eurasian Magpie,XC561114
Eurasian Magpie,XC444044
Eurasian Magpie,XC537669
Eurasian Magpie,XC561780
Eurasian Magpie,XC521613
Eurasian Magpie,XC387242
Eurasian Magpie,XC291815
Eurasian Magpie,XC512136
Eurasian Magpie,XC539263
Eurasian Magpie,XC181714
Eurasian Nuthatch,XC412451
Eurasian Nuthatch,XC148607
Eurasian Nuthatch,XC411980
Eurasian Nuthatch,XC148616
Eurasian Nuthatch,XC412450
Eurasian Nuthatch,XC148611
Eurasian Nuthatch,XC467629
Eurasian Nuthatch,XC461636
Eurasian Nuthatch,XC309215
Eurasian Nuthatch,XC128885
Eurasian Oystercatcher,XC417680
Eurasian Penduline Tit,XC131129
Eurasian Penduline Tit,XC461790
Eurasian Penduline Tit,XC124566
Eurasian Penduline Tit,XC460858
Eurasian Penduline Tit,XC333646
Eurasian Penduline Tit,XC521801
Eurasian Penduline Tit,XC518431
Eurasian Reed Warbler,XC414642
Eurasian Reed Warbler,XC469295
Eurasian Reed Warbler,XC410583
Eurasian Reed Warbler,XC496096
Eurasian Reed Warbler,XC495974
Eurasian Scops Owl,XC416418
Eurasian Scops Owl,XC433622
Eurasian Scops Owl,XC433621
Eurasian Scops Owl,XC408070
Eurasian Scops Owl,XC178264
Eurasian Scops Owl,XC135550
Eurasian Scops Owl,XC519732
Eurasian Scops Owl,XC554851
Eurasian Scops Owl,XC365807
Eurasian Scops Owl,XC167697
Eurasian Skylark,XC561535
Eurasian Skylark,XC418865
Eurasian Skylark,XC365156
Eurasian Sparrowhawk,XC309270
Eurasian Sparrowhawk,XC309239
Eurasian Spoonbill,XC333846
Eurasian Spoonbill,XC333843
Eurasian Spoonbill,XC333845
Eurasian Spoonbill,XC333852
Eurasian Spoonbill,XC333849
Eurasian Spoonbill,XC333848
Eurasian Spoonbill,XC333850
Eurasian Spoonbill,XC333853
Eurasian Stone-curlew,XC423859
Eurasian Stone-curlew,XC423861
Eurasian Stone-curlew,XC556003
Eurasian Stone-curlew,XC556006
Eurasian Stone-curlew,XC243486
Eurasian Stone-curlew,XC216230
Eurasian Stone-curlew,XC256695
Eurasian Stone-curlew,XC555939
Eurasian Stone-curlew,XC495980
Eurasian Stone-curlew,XC555950
Eurasian Teal,XC461203
Eurasian Teal,XC359019
Eurasian Teal,XC521612
Eurasian Teal,XC517836
Eurasian Teal,XC365825
Eurasian Tree Sparrow,XC521815
Eurasian Tree Sparrow,XC519923
Eurasian Tree Sparrow,XC417692
Eurasian Treecreeper,XC328424
Eurasian Treecreeper,XC553022
Eurasian Treecreeper,XC536593
Eurasian Wren,XC397551
Eurasian Wren,XC244205
Eurasian Wren,XC425718
Eurasian Wren,XC367553
Eurasian Wren,XC244210
Eurasian Wren,XC173041
Eurasian Wren,XC397554
Eurasian Wren,XC410057
Eurasian Wren,XC324302
Eurasian Wren,XC466319
Eurasian Wryneck,XC473933
Eurasian Wryneck,XC466317
Eurasian Wryneck,XC466315
Eurasian Wryneck,XC467769
Eurasian Wryneck,XC559395
European Bee-eater,XC392182
European Bee-eater,XC392186
European Bee-eater,XC392192
European Bee-eater,XC392789
European Bee-eater,XC392196
European Bee-eater,XC392197
European Bee-eater,XC449093
European Bee-eater,XC148426
European Bee-eater,XC430815
European Bee-eater,XC371244
European Crested Tit,XC120182
European Crested Tit,XC246413
European Crested Tit,XC308208
European Crested Tit,XC246414
European Crested Tit,XC308207
European Crested Tit,XC327546
European Crested Tit,XC301897
European Crested Tit,XC310398
European Crested Tit,XC442319
European Crested Tit,XC209056
European Golden Plover,XC539162
European Goldfinch,XC556964
European Goldfinch,XC464343
European Goldfinch,XC193933
European Goldfinch,XC553938
European Goldfinch,XC561566
European Goldfinch,XC561955
European Goldfinch,XC553215
European Goldfinch,XC554468
European Goldfinch,XC553806
European Goldfinch,XC236906
European Green Woodpecker,XC479628
European Greenfinch,XC414541
European Greenfinch,XC460981
European Greenfinch,XC414544
European Greenfinch,XC508679
European Greenfinch,XC460983
European Greenfinch,XC460982
European Greenfinch,XC508680
European Greenfinch,XC414545
European Greenfinch,XC414537
European Greenfinch,XC414542
European Nightjar,XC559103
European Nightjar,XC481668
European Nightjar,XC424264
European Nightjar,XC554852
European Pied Flycatcher,XC379602
European Pied Flycatcher,XC350315
European Pied Flycatcher,XC350314
European Pied Flycatcher,XC379603
European Pied Flycatcher,XC379604
European Pied Flycatcher,XC335921
European Pied Flycatcher,XC147929
European Robin,XC235734
European Robin,XC251950
European Robin,XC173045
European Robin,XC285074
European Robin,XC285075
European Robin,XC411981
European Robin,XC309128
European Robin,XC390241
European Robin,XC372965
European Robin,XC366497
European Roller,XC432572
European Serin,XC558274
European Serin,XC348420
European Serin,XC561954
European Serin,XC368766
European Serin,XC358919
European Serin,XC325402
European Serin,XC364046
European Serin,XC469871
European Serin,XC301937
European Serin,XC192092
European Stonechat,XC149061
European Stonechat,XC432235
European Stonechat,XC425692
European Stonechat,XC417987
European Stonechat,XC410974
European Stonechat,XC374998
European Stonechat,XC410975
European Stonechat,XC388805
European Stonechat,XC149062
European Stonechat,XC465878
European Turtle Dove,XC561574
European Turtle Dove,XC561134
European Turtle Dove,XC561572
Garden Warbler,XC558423
Garden Warbler,XC326462
Garden Warbler,XC141194
Garden Warbler,XC561427
Glossy Ibis,XC292205
Glossy Ibis,XC417659
Glossy Ibis,XC388794
Glossy Ibis,XC237350
Glossy Ibis,XC263288
Glossy Ibis,XC417660
Glossy Ibis,XC312185
Goldcrest,XC354866
Goldcrest,XC508063
Goldcrest,XC246415
Goldcrest,XC367044
Goldcrest,XC134411
Goldcrest,XC326952
Goldcrest,XC136112
Goldcrest,XC508061
Goldcrest,XC277328
Goldcrest,XC112649
Gran Canaria Blue Chaffinch,
Gran Canaria Blue Chaffinch,
Great Cormorant,XC453526
Great Cormorant,XC522801
Great Cormorant,XC518446
Great Crested Grebe,XC277200
Great Egret,XC351385
Great Grey Shrike,XC196055
Great Grey Shrike,XC134400
Great Grey Shrike,XC134399
Great Grey Shrike,XC354877
Great Grey Shrike,XC304763
Great Grey Shrike,XC304662
Great Grey Shrike,XC354878
Great Grey Shrike,XC334283
Great Grey Shrike,XC350445
Great Grey Shrike,XC129134
Great Reed Warbler,XC241145
Great Reed Warbler,XC399951
Great Reed Warbler,XC365919
Great Reed Warbler,XC468881
Great Reed Warbler,XC378134
Great Reed Warbler,XC479978
Great Reed Warbler,XC269607
Great Reed Warbler,XC142136
Great Reed Warbler,XC134483
Great Reed Warbler,XC379587
Great Spotted Cuckoo,XC243108
Great Spotted Cuckoo,XC135577
Great Spotted Cuckoo,XC133028
Great Spotted Cuckoo,XC149078
Great Spotted Cuckoo,XC149080
Great Spotted Cuckoo,XC542737
Great Spotted Cuckoo,XC553016
Great Spotted Cuckoo,XC553988
Great Spotted Cuckoo,XC550214
Great Spotted Cuckoo,XC552967
Great Spotted Woodpecker,XC349396
Great Spotted Woodpecker,XC412459
Great Spotted Woodpecker,XC349394
Great Spotted Woodpecker,XC354870
Great Spotted Woodpecker,XC374478
Great Spotted Woodpecker,XC349395
Great Spotted Woodpecker,XC306722
Great Spotted Woodpecker,XC348419
Great Spotted Woodpecker,XC135832
Great Spotted Woodpecker,XC395321
Great Tit,XC470221
Great Tit,XC470061
Great Tit,XC513539
Great Tit,XC411880
Great Tit,XC559948
Great Tit,XC363332
Great Tit,XC278559
Great Tit,XC538426
Great Tit,XC365402
Great Tit,XC465014
Greater Flamingo,XC520137
Greater Flamingo,XC539159
Greater Flamingo,XC197691
Greater Flamingo,XC550494
Greater Flamingo,XC197693
Greater Flamingo,XC303960
Greater Flamingo,XC518522
Greater Flamingo,XC437144
Greater Flamingo,XC534440
Greater Flamingo,XC388801
Greater Short-toed Lark,XC328926
Greater Short-toed Lark,XC206247
Greater Short-toed Lark,XC181388
Greater Short-toed Lark,XC467776
Greater Short-toed Lark,XC558446
Greater Short-toed Lark,XC181386
Green Sandpiper,XC430820
Green Sandpiper,XC533548
Green Sandpiper,XC549702
Green Sandpiper,XC536444
Green Sandpiper,XC388797
Grey Heron,XC389467
Grey Heron,XC521618
Grey Heron,XC334074
Grey Heron,XC310442
Grey Heron,XC521616
Grey Heron,XC521617
Grey Heron,XC432231
Grey Heron,XC301575
Grey Heron,XC434685
Grey Heron,XC521620
Grey Plover,XC157475
Grey Wagtail,XC486565
Grey Wagtail,XC486555
Grey Wagtail,XC141165
Grey Wagtail,XC401569
Greylag Goose,XC524615
Greylag Goose,XC524309
Greylag Goose,XC524616
Greylag Goose,XC545657
Greylag Goose,XC417663
Griffon Vulture,XC423939
Griffon Vulture,XC423930
Griffon Vulture,XC423960
Griffon Vulture,XC542052
Griffon Vulture,XC542053
Griffon Vulture,XC542056
Griffon Vulture,XC423935
Griffon Vulture,XC542058
Griffon Vulture,XC423927
Griffon Vulture,XC542051
Gull-billed Tern,XC364694
Gull-billed Tern,XC467774
Gull-billed Tern,XC430827
Gull-billed Tern,XC469993
Gull-billed Tern,XC467773
Gull-billed Tern,XC467772
Gull-billed Tern,XC364695
Gull-billed Tern,XC225355
Gull-billed Tern,XC386867
Gull-billed Tern,XC339500
Hawfinch,XC292187
Hawfinch,XC361264
Hawfinch,XC521809
Hawfinch,XC396530
Hawfinch,XC402630
Hawfinch,XC392923
Hawfinch,XC521807
Hawfinch,XC412472
Hawfinch,XC411977
Hawfinch,XC521806
House Sparrow,XC556947
House Sparrow,XC555767
House Sparrow,XC554654
House Sparrow,XC556914
House Sparrow,XC554478
House Sparrow,XC148918
House Sparrow,XC561787
House Sparrow,XC479935
House Sparrow,XC561786
House Sparrow,XC553807
Hume's Leaf Warbler,XC527630
Iberian Chiffchaff,XC495324
Iberian Chiffchaff,XC314412
Iberian Chiffchaff,XC307959
Iberian Chiffchaff,XC277457
Iberian Chiffchaff,XC277456
Iberian Chiffchaff,XC409152
Iberian Chiffchaff,XC409146
Iberian Green Woodpecker,XC541142
Iberian Green Woodpecker,XC409109
Iberian Green Woodpecker,XC405681
Iberian Green Woodpecker,XC560681
Iberian Green Woodpecker,XC235729
Iberian Green Woodpecker,XC556065
Iberian Green Woodpecker,XC401013
Iberian Green Woodpecker,XC467379
Iberian Green Woodpecker,XC495867
Iberian Green Woodpecker,XC201200
Iberian Grey Shrike,XC240190
Iberian Grey Shrike,XC135585
Iberian Grey Shrike,XC450678
Iberian Grey Shrike,XC432142
Iberian Grey Shrike,XC141175
Iberian Grey Shrike,XC305764
Iberian Grey Shrike,XC450680
Iberian Magpie,XC295523
Iberian Magpie,XC282131
Iberian Magpie,XC414694
Iberian Magpie,XC282923
Iberian Magpie,XC414695
Iberian Magpie,XC361374
Iberian Magpie,XC414693
Iberian Magpie,XC556060
Iberian Magpie,XC390621
Iberian Magpie,XC374485
Identity unknown,XC266972
Identity unknown,XC275399
Identity unknown,XC216340
Identity unknown,XC431152
Identity unknown,XC560699
Identity unknown,XC283473
Identity unknown,XC497631
Identity unknown,XC497629
Identity unknown,XC308117
Identity unknown,XC462271
Kentish Plover,XC341212
Kentish Plover,XC411002
Kentish Plover,XC333813
Kentish Plover,XC318417
Kentish Plover,XC338266
Kentish Plover,XC318414
Kentish Plover,XC318418
Kentish Plover,XC411145
Laurel Pigeon,XC394022
Laurel Pigeon,XC122544
Lesser Kestrel,XC252748
Lesser Kestrel,XC308080
Lesser Kestrel,XC341195
Lesser Kestrel,XC149085
Lesser Kestrel,XC388646
Lesser Kestrel,XC141177
Lesser Kestrel,XC388647
Lesser Kestrel,XC388648
Lesser Short-toed Lark,XC175825
Lesser Short-toed Lark,XC414707
Lesser Short-toed Lark,XC134389
Lesser Short-toed Lark,XC134396
Lesser Short-toed Lark,XC379599
Lesser Short-toed Lark,XC134388
Lesser Short-toed Lark,XC349424
Lesser Short-toed Lark,XC530412
Lesser Short-toed Lark,XC423790
Lesser Short-toed Lark,XC423788
Lesser Spotted Woodpecker,XC400197
Lesser Spotted Woodpecker,XC391073
Lesser Spotted Woodpecker,XC217062
Lesser Spotted Woodpecker,XC361321
Lesser Spotted Woodpecker,XC513546
Little Bittern,XC431157
Little Bittern,XC263294
Little Bittern,XC431158
Little Bittern,XC431155
Little Bittern,XC518523
Little Bittern,XC495968
Little Bittern,XC299328
Little Egret,XC448972
Little Egret,XC431144
Little Egret,XC411012
Little Egret,XC411321
Little Egret,XC411335
Little Egret,XC333981
Little Egret,XC333979
Little Egret,XC497470
Little Egret,XC333988
Little Egret,XC411011
Little Grebe,XC528189
Little Grebe,XC518527
Little Grebe,XC223166
Little Grebe,XC466402
Little Grebe,XC518432
Little Grebe,XC462742
Little Grebe,XC381779
Little Grebe,XC381781
Little Grebe,XC381772
Little Grebe,XC381776
Little Owl,XC178261
Little Owl,XC360615
Little Owl,XC360619
Little Owl,XC360612
Little Owl,XC423806
Little Owl,XC527920
Little Owl,XC384045
Little Owl,XC464348
Little Owl,XC360611
Little Owl,XC135729
Little Ringed Plover,XC436164
Little Ringed Plover,XC339423
Little Ringed Plover,XC341207
Little Ringed Plover,XC309000
Little Ringed Plover,XC341209
Little Ringed Plover,XC318419
Little Ringed Plover,XC308997
Little Ringed Plover,XC327543
Little Ringed Plover,XC411000
Little Ringed Plover,XC339471
Little Swift,XC253698
Little Swift,XC253699
Little Swift,XC336800
Little Tern,XC383748
Little Tern,XC333762
Little Tern,XC263287
Little Tern,XC383754
Little Tern,XC333741
Little Tern,XC333749
Long-eared Owl,XC411812
Long-eared Owl,XC555190
Long-eared Owl,XC411820
Long-eared Owl,XC256224
Long-eared Owl,XC135551
Long-eared Owl,XC135552
Long-eared Owl,XC559110
Long-tailed Tit,XC298633
Long-tailed Tit,XC392977
Long-tailed Tit,XC396533
Long-tailed Tit,XC174414
Long-tailed Tit,XC300961
Long-tailed Tit,XC395258
Long-tailed Tit,XC461201
Long-tailed Tit,XC367682
Long-tailed Tit,XC128855
Long-tailed Tit,XC505217
Mallard,XC434684
Mallard,XC414631
Mallard,XC505439
Mallard,XC440476
Marsh Tit,XC487352
Marsh Tit,XC426038
Marsh Tit,XC523092
Marsh Tit,XC513542
Meadow Pipit,XC511712
Meadow Pipit,XC350620
Mediterranean Flycatcher,XC513957
Mediterranean Flycatcher,XC449120
Melodious Warbler,XC469811
Melodious Warbler,XC246470
Melodious Warbler,XC371035
Melodious Warbler,XC134271
Melodious Warbler,XC320887
Melodious Warbler,XC251956
Melodious Warbler,XC560995
Melodious Warbler,XC375000
Melodious Warbler,XC379620
Melodious Warbler,XC193640
Mistle Thrush,XC446277
Mistle Thrush,XC357895
Mistle Thrush,XC461618
Mistle Thrush,XC357897
Mistle Thrush,XC412454
Mistle Thrush,XC295880
Mistle Thrush,XC115377
Mistle Thrush,XC411877
Mistle Thrush,XC463258
Mistle Thrush,XC506209
Monk Parakeet,XC449118
Monk Parakeet,XC216148
Monk Parakeet,XC388790
Monk Parakeet,XC414632
Monk Parakeet,XC459774
Monk Parakeet,XC414634
Montagu's Harrier,XC433705
Montagu's Harrier,XC433731
Montagu's Harrier,XC433734
Montagu's Harrier,XC433703
Montagu's Harrier,XC433728
Montagu's Harrier,XC433709
Montagu's Harrier,XC433726
Montagu's Harrier,XC433700
Montagu's Harrier,XC433711
Montagu's Harrier,XC433706
Moustached Warbler,XC406576
Moustached Warbler,XC358560
Moustached Warbler,XC357368
Moustached Warbler,XC408868
Mute Swan,XC310390
Northern Goshawk,XC324213
Northern Lapwing,XC297286
Northern Lapwing,XC496437
Northern Raven,XC390236
Northern Raven,XC390235
Northern Raven,XC168257
Northern Raven,XC349393
Northern Raven,XC390237
Northern Raven,XC349392
Northern Raven,XC524644
Northern Raven,XC522854
Northern Raven,XC363084
Northern Raven,XC218146
Northern Wheatear,XC472211
Northern Wheatear,XC472208
Northern Wheatear,XC472212
Northern Wheatear,XC472214
Ortolan Bunting,XC181710
Ortolan Bunting,XC481038
Ortolan Bunting,XC487285
Ortolan Bunting,XC326370
Ortolan Bunting,XC379610
Ortolan Bunting,XC482551
Ortolan Bunting,XC377421
Ortolan Bunting,XC183165
Ortolan Bunting,XC379611
Ortolan Bunting,XC423681
Pallid Swift,XC274847
Pallid Swift,XC423781
Pallid Swift,XC190185
Pallid Swift,XC423563
Pallid Swift,XC423551
Pallid Swift,XC423780
Pallid Swift,XC423553
Pallid Swift,XC418492
Pallid Swift,XC419521
Pallid Swift,XC247497
Peregrine Falcon,XC190488
Pied Avocet,XC338781
Pied Avocet,XC338220
Pied Avocet,XC338221
Pied Avocet,XC333702
Pied Avocet,XC338777
Pied Avocet,XC341206
Pied Avocet,XC333699
Pied Avocet,XC338769
Pied Avocet,XC338233
Pied Avocet,XC338231
Pin-tailed Sandgrouse,XC423843
Pin-tailed Sandgrouse,XC423848
Pin-tailed Sandgrouse,XC423845
Pin-tailed Sandgrouse,XC423846
Pin-tailed Sandgrouse,XC423847
Pin-tailed Sandgrouse,XC423844
Pin-tailed Sandgrouse,XC423849
Pin-tailed Sandgrouse,XC423840
Pin-tailed Sandgrouse,XC423841
Pin-tailed Sandgrouse,XC142060
Purple Heron,XC553993
Purple Heron,XC431154
Purple Heron,XC432145
Purple Heron,XC310403
Purple Heron,XC277204
Red Crossbill,XC512152
Red Crossbill,XC358973
Red Crossbill,XC512151
Red Crossbill,XC513964
Red Crossbill,XC322420
Red Crossbill,XC513134
Red Crossbill,XC449109
Red Crossbill,XC512154
Red Crossbill,XC385394
Red Crossbill,XC512148
Red Junglefowl,XC528092
Red Kite,XC561132
Red Kite,XC556961
Red Kite,XC560964
Red Kite,XC556958
Red Knot,XC414689
Red-billed Chough,XC518533
Red-billed Chough,XC512135
Red-billed Chough,XC122558
Red-billed Chough,XC122554
Red-billed Chough,XC135821
Red-billed Chough,XC518534
Red-billed Chough,XC470476
Red-billed Chough,XC270063
Red-billed Chough,XC309019
Red-billed Chough,XC309017
Red-billed Leiothrix,
Red-billed Leiothrix,
Red-billed Leiothrix,
Red-billed Leiothrix,
Red-billed Leiothrix,
Red-billed Leiothrix,
Red-billed Leiothrix,
Red-billed Leiothrix,
Red-billed Leiothrix,
Red-billed Leiothrix,
Red-billed Tropicbird,XC482585
Red-knobbed Coot,XC449089
Red-knobbed Coot,XC513966
Red-knobbed Coot,XC417655
Red-knobbed Coot,XC417656
Red-legged Partridge,XC334156
Red-legged Partridge,XC360502
Red-legged Partridge,XC135557
Red-legged Partridge,XC334155
Red-legged Partridge,XC309136
Red-legged Partridge,XC309137
Red-legged Partridge,XC183245
Red-necked Nightjar,XC265046
Red-necked Nightjar,XC265048
Red-necked Nightjar,XC265047
Red-necked Nightjar,XC479912
Red-necked Nightjar,XC414641
Red-necked Nightjar,XC265049
Red-necked Nightjar,XC178265
Red-necked Nightjar,XC140658
Red-necked Nightjar,XC414640
Red-necked Nightjar,XC431983
Red-rumped Swallow,XC460972
Red-rumped Swallow,XC430819
Red-rumped Swallow,XC334161
Red-rumped Swallow,XC193697
Red-rumped Swallow,XC334159
Red-rumped Swallow,XC558233
Redwing,XC511059
Redwing,XC542167
Richard's Pipit,XC395909
Ring Ouzel,XC309138
Ring Ouzel,XC309139
Ring Ouzel,XC540064
Rock Bunting,XC330902
Rock Bunting,XC148470
Rock Bunting,XC467766
Rock Bunting,XC424031
Rock Bunting,XC417696
Rock Bunting,XC467763
Rock Bunting,XC559551
Rock Bunting,XC417697
Rock Bunting,XC148467
Rock Bunting,XC556827
Rock Dove,XC460075
Rock Sparrow,XC246581
Rock Sparrow,XC278446
Rock Sparrow,XC135825
Rock Sparrow,XC364688
Rock Sparrow,XC256703
Rock Sparrow,XC314632
Rock Sparrow,XC128141
Rock Sparrow,XC467759
Rose-ringed Parakeet,XC545568
Ruddy Turnstone,XC518526
Rufous-tailed Scrub Robin,XC327219
Rufous-tailed Scrub Robin,XC327218
Rufous-tailed Scrub Robin,XC327214
Rufous-tailed Scrub Robin,XC327211
Rufous-tailed Scrub Robin,XC325336
Rufous-tailed Scrub Robin,XC325341
Rufous-tailed Scrub Robin,XC327217
Rufous-tailed Scrub Robin,XC327225
Rufous-tailed Scrub Robin,XC325338
Rufous-tailed Scrub Robin,XC327224
Sanderling,XC223302
Sandwich Tern,XC437146
Sandwich Tern,XC526134
Sardinian Warbler,XC463248
Sardinian Warbler,XC411036
Sardinian Warbler,XC371243
Sardinian Warbler,XC416401
Sardinian Warbler,XC301757
Sardinian Warbler,XC378585
Sardinian Warbler,XC561430
Sardinian Warbler,XC411322
Sardinian Warbler,XC554658
Sardinian Warbler,XC183544
Savi's Warbler,XC148893
Savi's Warbler,XC531725
Savi's Warbler,XC148901
Savi's Warbler,XC463228
Scopoli's Shearwater,XC134225
Sedge Warbler,XC128304
Short-toed Treecreeper,XC412457
Short-toed Treecreeper,XC461204
Short-toed Treecreeper,XC560997
Short-toed Treecreeper,XC349077
Short-toed Treecreeper,XC217946
Short-toed Treecreeper,XC472206
Short-toed Treecreeper,XC538778
Short-toed Treecreeper,XC217963
Short-toed Treecreeper,XC148862
Short-toed Treecreeper,XC561539
Slender-billed Gull,XC334126
Slender-billed Gull,XC519919
Slender-billed Gull,XC334112
Slender-billed Gull,XC519921
Slender-billed Gull,XC334129
Slender-billed Gull,XC456242
Slender-billed Gull,XC519917
Slender-billed Gull,XC520138
Slender-billed Gull,XC456244
Slender-billed Gull,XC334121
Song Thrush,XC476101
Song Thrush,XC395298
Song Thrush,XC558435
Song Thrush,XC561128
Song Thrush,XC556051
Song Thrush,XC310540
Song Thrush,XC444953
Song Thrush,XC560677
Song Thrush,XC560672
Song Thrush,XC467436
Soundscape,XC397026
Soundscape,XC397031
Soundscape,XC397034
Soundscape,XC397032
Soundscape,XC397030
Soundscape,XC446545
Soundscape,XC446546
Soundscape,XC446550
Soundscape,XC397028
Soundscape,XC446548
Spanish Imperial Eagle,XC148647
Spanish Imperial Eagle,XC401066
Spanish Imperial Eagle,XC148645
Spanish Imperial Eagle,XC148644
Spanish Imperial Eagle,XC423970
Spanish Sparrow,XC418299
Spanish Sparrow,XC418296
Spanish Sparrow,XC414723
Spanish Sparrow,XC243489
Spanish Sparrow,XC417685
Spanish Sparrow,XC417684
Spanish Sparrow,XC417687
Spanish Sparrow,XC134404
Spanish Sparrow,XC417686
Spanish Sparrow,XC134402
Spectacled Warbler,XC134394
Spectacled Warbler,XC364689
Spectacled Warbler,XC476373
Spectacled Warbler,XC459994
Spectacled Warbler,XC178272
Spectacled Warbler,XC364691
Spectacled Warbler,XC476375
Spectacled Warbler,XC519597
Spotless Starling,XC327399
Spotless Starling,XC305154
Spotless Starling,XC174345
Spotless Starling,XC414717
Spotless Starling,XC313407
Spotless Starling,XC391294
Spotless Starling,XC306067
Spotless Starling,XC149042
Spotless Starling,XC431985
Spotless Starling,XC560974
Spotted Flycatcher,XC246582
Spotted Flycatcher,XC496538
Spotted Flycatcher,XC489687
Spotted Flycatcher,XC385380
Spotted Redshank,XC494630
Spotted Redshank,XC310516
Subalpine Warbler,XC465915
Subalpine Warbler,XC368767
Subalpine Warbler,XC465911
Subalpine Warbler,XC148628
Subalpine Warbler,XC363194
Subalpine Warbler,XC148630
Subalpine Warbler,XC364613
Subalpine Warbler,XC148634
Subalpine Warbler,XC364756
Subalpine Warbler,XC148636
Tawny Owl,XC183535
Tawny Owl,XC285080
Tawny Owl,XC310512
Tawny Owl,XC506570
Tawny Owl,XC553028
Tawny Owl,XC412453
Tawny Owl,XC506572
Tawny Owl,XC506574
Tawny Pipit,XC241647
Tawny Pipit,XC486112
Tawny Pipit,XC244229
Tawny Pipit,XC476383
Tenerife Blue Chaffinch,XC349385
Tenerife Blue Chaffinch,XC349383
Tenerife Blue Chaffinch,XC349382
Tenerife Blue Chaffinch,XC448309
Tenerife Blue Chaffinch,XC289439
Tenerife Blue Chaffinch,XC459986
Tenerife Blue Chaffinch,XC131866
Tenerife Blue Chaffinch,XC131868
Tenerife Blue Chaffinch,XC349384
Tenerife Blue Chaffinch,XC131865
Thekla's Lark,XC423816
Thekla's Lark,XC423815
Thekla's Lark,XC463869
Thekla's Lark,XC410983
Thekla's Lark,XC423829
Thekla's Lark,XC414676
Thekla's Lark,XC308015
Thekla's Lark,XC410999
Thekla's Lark,XC553907
Thekla's Lark,XC423817
Tree Pipit,XC210376
Tree Pipit,XC468256
Trumpeter Finch,XC346445
Water Pipit,XC255529
Water Rail,XC518528
Water Rail,XC277209
Water Rail,XC328923
Water Rail,XC518441
Water Rail,XC553025
Water Rail,XC518429
Water Rail,XC135570
Water Rail,XC518440
Water Rail,XC496001
Water Rail,XC495969
Western Barn Owl,XC341248
Western Barn Owl,XC345927
Western Barn Owl,XC534826
Western Barn Owl,XC545053
Western Barn Owl,XC432000
Western Barn Owl,XC552019
Western Barn Owl,XC341229
Western Bonelli's Warbler,XC235108
Western Bonelli's Warbler,XC256729
Western Bonelli's Warbler,XC312316
Western Bonelli's Warbler,XC553245
Western Bonelli's Warbler,XC237773
Western Bonelli's Warbler,XC134481
Western Bonelli's Warbler,XC560990
Western Bonelli's Warbler,XC558434
Western Bonelli's Warbler,XC554480
Western Bonelli's Warbler,XC554642
Western Cattle Egret,XC304251
Western Cattle Egret,XC495869
Western Cattle Egret,XC304253
Western Cattle Egret,XC304255
Western Cattle Egret,XC304257
Western Cattle Egret,XC304252
Western Cattle Egret,XC410973
Western Cattle Egret,XC304254
Western Cattle Egret,XC304258
Western Cattle Egret,XC304256
Western Jackdaw,XC512137
Western Jackdaw,XC525305
Western Jackdaw,XC448490
Western Jackdaw,XC141168
Western Jackdaw,XC469533
Western Jackdaw,XC518433
Western Jackdaw,XC388803
Western Jackdaw,XC521813
Western Jackdaw,XC135822
Western Jackdaw,XC352672
Western Marsh Harrier,XC512133
Western Marsh Harrier,XC512132
Western Marsh Harrier,XC518351
Western Olivaceous Warbler,XC414654
Western Olivaceous Warbler,XC414661
Western Olivaceous Warbler,XC414663
Western Olivaceous Warbler,XC414656
Western Olivaceous Warbler,XC414657
Western Olivaceous Warbler,XC414662
Western Olivaceous Warbler,XC467771
Western Olivaceous Warbler,XC414658
Western Olivaceous Warbler,XC414668
Western Olivaceous Warbler,XC551782
Western Orphean Warbler,XC244215
Western Orphean Warbler,XC184187
Western Orphean Warbler,XC244324
Western Orphean Warbler,XC178758
Western Orphean Warbler,XC206238
Western Orphean Warbler,XC320866
Western Orphean Warbler,XC206239
Western Orphean Warbler,XC148461
Western Orphean Warbler,XC376339
Western Orphean Warbler,XC246579
Western Swamphen,XC505960
Western Swamphen,XC303341
Western Swamphen,XC140663
Western Swamphen,XC461762
Western Swamphen,XC521814
Western Swamphen,XC518345
Western Swamphen,XC518347
Western Swamphen,XC518348
Western Swamphen,XC552362
Western Swamphen,XC412265
Western Yellow Wagtail,XC430818
Western Yellow Wagtail,XC431997
Western Yellow Wagtail,XC423805
Western Yellow Wagtail,XC380681
Western Yellow Wagtail,XC338368
Western Yellow Wagtail,XC467777
Western Yellow Wagtail,XC495978
Western Yellow Wagtail,XC339499
Western Yellow Wagtail,XC465876
Whimbrel,XC414677
Whimbrel,XC417672
Whimbrel,XC417670
Whiskered Tern,XC265270
Whiskered Tern,XC383743
Whiskered Tern,XC188326
Whiskered Tern,XC193638
Whiskered Tern,XC263344
Whiskered Tern,XC383744
Whiskered Tern,XC188321
Whiskered Tern,XC263342
Whiskered Tern,XC263345
White Stork,XC538422
White Stork,XC149071
White Stork,XC527477
White Stork,XC538423
White Stork,XC149070
White Stork,XC135575
White Stork,XC149072
White Stork,XC470421
White Stork,XC149045
White Stork,XC141171
White Wagtail,XC544139
White Wagtail,XC244381
White Wagtail,XC202894
White Wagtail,XC201359
White Wagtail,XC255714
White Wagtail,XC308992
White Wagtail,XC310620
White Wagtail,XC244388
White-throated Dipper,XC380670
White-winged Snowfinch,XC328059
Willow Warbler,XC416406
Willow Warbler,XC334308
Willow Warbler,XC128357
Wood Sandpiper,XC433536
Wood Sandpiper,XC411147
Woodchat Shrike,XC470175
Woodchat Shrike,XC148625
Woodchat Shrike,XC411037
Woodchat Shrike,XC148626
Woodchat Shrike,XC561544
Woodchat Shrike,XC135731
Woodchat Shrike,XC417667
Woodchat Shrike,XC417668
Woodchat Shrike,XC135583
Woodchat Shrike,XC561542
Woodlark,XC471477
Woodlark,XC277690
Woodlark,XC470181
Woodlark,XC177609
Woodlark,XC561541
Woodlark,XC153642
Woodlark,XC309024
Woodlark,XC123048
Woodlark,XC554657
Woodlark,XC556047
Yellow-browed Warbler,XC524720
Yellow-browed Warbler,XC555513
Yellow-crowned Bishop,XC341221
Yellow-crowned Bishop,XC347227
Yellow-crowned Bishop,XC347232
Yellowhammer,XC141409
Yellow-legged Gull,XC255257
Yellow-legged Gull,XC380688
Yellow-legged Gull,XC400487
Yellow-legged Gull,XC513547
Yellow-legged Gull,XC342980
Zitting Cisticola,XC435411
Zitting Cisticola,XC414715
Zitting Cisticola,XC385618
Zitting Cisticola,XC135561
Zitting Cisticola,XC380678
Zitting Cisticola,XC530406
Zitting Cisticola,XC496000
Zitting Cisticola,XC414716
Zitting Cisticola,XC504689
Zitting Cisticola,XC359154
